{"cameraMode":{"drawMode":0,"name":"Shaded","section":"Shading Mode"},"sceneLighting":false,"audioPlay":false,"sceneViewState":{"showFog":true,"showMaterialUpdate":false,"showSkybox":false,"showFlares":true,"showImageEffects":true,"showParticleSystems":true},"in2DMode":false,"pivot":{"x":6.6630048751831059,"y":-2.3932809829711916,"z":-1.397737979888916},"rotation":{"x":-0.4291822910308838,"y":0.33958908915519717,"z":-0.17822617292404176,"w":-0.8177622556686401},"size":10.77694034576416,"orthographic":false}