{"cameraMode":{"drawMode":0,"name":"Shaded","section":"Shading Mode"},"sceneLighting":false,"audioPlay":false,"sceneViewState":{"showFog":true,"showMaterialUpdate":false,"showSkybox":false,"showFlares":true,"showImageEffects":true,"showParticleSystems":true},"in2DMode":false,"pivot":{"x":6.4961748123168949,"y":-3.771895408630371,"z":-4.142478942871094},"rotation":{"x":-0.44637343287467959,"y":0.28980690240859988,"z":-0.15544161200523377,"w":-0.8322297930717468},"size":14.37748908996582,"orthographic":false}